<?xml version="1.0" encoding="UTF-8"?>
<jcr:root xmlns:sling="http://sling.apache.org/jcr/sling/1.0" xmlns:cq="http://www.day.com/jcr/cq/1.0" xmlns:jcr="http://www.jcp.org/jcr/1.0" xmlns:nt="http://www.jcp.org/jcr/nt/1.0"
    jcr:primaryType="nt:unstructured"
    jcr:title="Text"
    sling:resourceType="cq/gui/components/authoring/dialog"
    helpPath="en/cq/current/wcm/default_components.html#Text">
    <content
        jcr:primaryType="nt:unstructured"
        sling:resourceType="granite/ui/components/foundation/container">
        <layout
            jcr:primaryType="nt:unstructured"
            sling:resourceType="granite/ui/components/foundation/layouts/tabs"
            type="nav"/>
        <items jcr:primaryType="nt:unstructured">
            <tab1
                jcr:primaryType="nt:unstructured"
                jcr:title="Text"
                sling:resourceType="granite/ui/components/foundation/container">
                <layout
                    jcr:primaryType="nt:unstructured"
                    sling:resourceType="granite/ui/components/foundation/layouts/fixedcolumns"/>
                <items jcr:primaryType="nt:unstructured">
                    <columns
                        jcr:primaryType="nt:unstructured"
                        sling:resourceType="granite/ui/components/foundation/container">
                        <items jcr:primaryType="nt:unstructured">
                            <text
                                jcr:primaryType="nt:unstructured"
                                sling:resourceType="granite/ui/components/foundation/form/textarea"
                                fieldDescription="HTML code only. Must not contain script tags or style tags."
                                fieldLabel="Insert HTML code"
                                name="./text"/>
                        </items>
                    </columns>
                </items>
            </tab1>
            <tab2
                jcr:primaryType="nt:unstructured"
                jcr:title="JavaScript"
                sling:resourceType="granite/ui/components/foundation/container">
                <layout
                    jcr:primaryType="nt:unstructured"
                    sling:resourceType="granite/ui/components/foundation/layouts/fixedcolumns"/>
                <items jcr:primaryType="nt:unstructured">
                    <columns
                        jcr:primaryType="nt:unstructured"
                        sling:resourceType="granite/ui/components/foundation/container">
                        <items jcr:primaryType="nt:unstructured">
                            <inlineScript
                                jcr:primaryType="nt:unstructured"
                                sling:resourceType="granite/ui/components/foundation/form/textarea"
                                fieldDescription="Inline JavaScript for this component to be added to page JS. Must be valid JavaScript!"
                                fieldLabel="Inline JavaScript"
                                name="./inlineScript"/>
                            <staticScripts
                                jcr:primaryType="nt:unstructured"
                                sling:resourceType="granite/ui/components/foundation/form/multifield"
                                fieldDescription="Static JS files stored in DAM. Files must be uploaded into DAM 1st."
                                fieldLabel="Static JavaScript">
                                <field
                                    jcr:primaryType="nt:unstructured"
                                    sling:resourceType="granite/ui/components/foundation/form/pathbrowser"
                                    name="./scriptPaths"
                                    rootPath="/content/dam/chase/js"/>
                            </staticScripts>
                            <externalScripts
                                jcr:primaryType="nt:unstructured"
                                sling:resourceType="granite/ui/components/foundation/form/multifield"
                                fieldDescription="Valid URLs to external JavaScript that is not hosted on AARP site. Must be valid URLs!"
                                fieldLabel="External JavaScript">
                                <field
                                    jcr:primaryType="nt:unstructured"
                                    sling:resourceType="granite/ui/components/foundation/form/textfield"
                                    name="./externalScriptUrls"/>
                            </externalScripts>
                            <approved
                                jcr:primaryType="nt:unstructured"
                                sling:resourceType="granite/ui/components/foundation/form/hidden"
                                name="./advancedHtmlApprovedFlag"
                                value="{Boolean}false"/>
                            <approvedTypeHint
                                jcr:primaryType="nt:unstructured"
                                sling:resourceType="granite/ui/components/foundation/form/hidden"
                                name="./advancedHtmlApprovedFlag@TypeHint"
                                value="Boolean"/>
                            <advancedHTMLRejectedReason
                                jcr:primaryType="nt:unstructured"
                                sling:resourceType="granite/ui/components/foundation/form/hidden"
                                name="./advancedHTMLRejectedReason"
                                value="This component has not been reviewed."/>
                        </items>
                    </columns>
                </items>
            </tab2>
            <tab3
                jcr:primaryType="nt:unstructured"
                jcr:title="CSS"
                sling:resourceType="granite/ui/components/foundation/container">
                <layout
                    jcr:primaryType="nt:unstructured"
                    sling:resourceType="granite/ui/components/foundation/layouts/fixedcolumns"/>
                <items jcr:primaryType="nt:unstructured">
                    <columns
                        jcr:primaryType="nt:unstructured"
                        sling:resourceType="granite/ui/components/foundation/container">
                        <items jcr:primaryType="nt:unstructured">
                            <mobileCss
                                jcr:primaryType="nt:unstructured"
                                sling:resourceType="granite/ui/components/foundation/form/pathbrowser"
                                fieldLabel="Mobile CSS"
                                name="./mobileCss"
                                rootPath="/content/dam/chase/css"/>
                            <desktopCss
                                jcr:primaryType="nt:unstructured"
                                sling:resourceType="granite/ui/components/foundation/form/pathbrowser"
                                fieldLabel="Desktop CSS"
                                name="./desktopCss"
                                rootPath="/content/dam/chase/css"/>
                            <allCss
                                jcr:primaryType="nt:unstructured"
                                sling:resourceType="granite/ui/components/foundation/form/pathbrowser"
                                fieldLabel="All Media CSS"
                                name="./allCss"
                                rootPath="/content/dam/chase/css"/>
                        </items>
                    </columns>
                </items>
            </tab3>
        </items>
    </content>
</jcr:root>
